{
  "m": 50.0,
  "bm": 2.5,
  "phi": 0.4938852035151679,
  "sigma": 0.6588834562135709,
  "mu_delta_win": -0.05078368587540047,
  "mu_delta_lose": -0.06831129758173043,
  "sigma_delta": 0.7007196241360837,
  "throw2": 0.2475928631226133,
  "throw3": 0.297309218624012,
  "beta_by_player": {
    "Adrian Lewis": -0.669340273444712,
    "Alan Norris": -0.7302011469298992,
    "Andy Boulton": -0.7402990832905683,
    "Benito van de Pas": -0.7843512147608328,
    "Brendan Dolan": -0.900814748744581,
    "Chris Dobey": -0.8970022424893738,
    "Chris Quantock": -0.775782765454491,
    "Christian Kist": -0.9026875442319289,
    "Corey Cadby": -0.6961208059535737,
    "Cristo Reyes": -0.7050272458698624,
    "Darren Webster": -0.6281789704884989,
    "Daryl Gurney": -0.621981369199462,
    "Dave Chisnall": -0.4817291221112498,
    "Devon Petersen": -1.0985001920963908,
    "Dimitri Van den Bergh": -0.5301563418049171,
    "Dirk van Duijvenbode": -0.7909541418667287,
    "Gary Anderson": -0.4027662091129883,
    "Gerwyn Price": -0.565988966208899,
    "Glen Durrant": -0.5386293652340874,
    "Ian White": -0.6283118003735297,
    "James Richardson": -0.6474235225718252,
    "James Wade": -0.8184874378468663,
    "James Wilson": -0.7194661229199768,
    "Jamie Bain": -0.6307090874745551,
    "Jamie Caven": -0.9808342747086572,
    "Jamie Lewis": -0.5995370724417907,
    "Jan Dekker": -0.8033207394937024,
    "Jeffrey de Zwaan": -0.743571934782521,
    "Jelle Klaasen": -0.7123204442070249,
    "Jermaine Wattimena": -0.9051210497489516,
    "Joe Cullen": -0.6304543388480054,
    "Joe Murnan": -0.9158463814451097,
    "John Henderson": -0.676535391943476,
    "Jonny Clayton": -0.7581618668516329,
    "Justin Pipe": -0.726709463770691,
    "Keegan Brown": -0.8090431629267838,
    "Kevin Munch": -0.9691606280027303,
    "Kim Huybrechts": -0.663402481359683,
    "Kim Viljanen": -0.777430892735138,
    "Krzysztof Ratajski": -0.6468594817583201,
    "Kyle Anderson": -0.5474617287623117,
    "Mark Webster": -0.8663352305147614,
    "Martin Schindler": -0.847877940323707,
    "Max Hopp": -0.9875507656082725,
    "Mensur Suljovic": -0.6557778948978619,
    "Mervyn King": -0.6813372893697838,
    "Michael Smith": -0.6032287307692696,
    "Michael van Gerwen": -0.2998780911710253,
    "Mike De Decker": -0.7778440146642792,
    "Nathan Aspinall": -0.6793538358840701,
    "Paul Lim": -0.6866656153208087,
    "Peter Jacques": -0.8592195484785433,
    "Peter Wright": -0.5302840201645863,
    "Phil Taylor": -0.49341283781154466,
    "Raymond van Barneveld": -0.6315600630016589,
    "Rene Eidams": -1.0078629902384586,
    "Richard North": -0.8764490764992374,
    "Rob Cross": -0.4482589302441875,
    "Robbie Green": -0.8258002496688632,
    "Robert Owen": -0.7143230476404053,
    "Robert Thornton": -0.7117593569776471,
    "Ron Meulenkamp": -0.7147777748055645,
    "Ronny Huybrechts": -0.8355970469633898,
    "Simon Whitlock": -0.6938197178889755,
    "Stephen Bunting": -0.7616313416400422,
    "Steve Beaton": -0.7291916185015227,
    "Steve Lennon": -0.787415415639081,
    "Steve West": -0.7154649943088194,
    "Toni Alcinas": -0.9012730810004524,
    "Vincent van der Voort": -0.641178172796481,
    "Willard Bruguier": -1.1196864426017072,
    "William O'Connor": -0.7755417923504105,
    "Zoran Lerchbacher": -0.9087755289271744
  },
  "AIC": 222654.1616876187,
  "llk_nll": 111247.08084380935
}