{
  "m": 50.0,
  "bm": 2.5,
  "phi_within": 0.7266410129416004,
  "phi_across": 0.057684590844074006,
  "sigma_within": 0.46129740062193086,
  "sigma_across": 0.7893393360045035,
  "mu_delta_win": -0.024996896215666857,
  "mu_delta_lose": -0.04287745265755183,
  "sigma_delta": 0.6905128987861063,
  "throw2": 0.26985970977614476,
  "throw3": 0.3307030151601751,
  "beta_by_player": {
    "Adrian Lewis": -0.6906254262244804,
    "Alan Norris": -0.7532316934228542,
    "Andy Boulton": -0.7606945205255053,
    "Benito van de Pas": -0.8033617629721816,
    "Brendan Dolan": -0.9217834212785025,
    "Chris Dobey": -0.91560024715323,
    "Chris Quantock": -0.7928251464920776,
    "Christian Kist": -0.9241640957147078,
    "Corey Cadby": -0.7167893888653017,
    "Cristo Reyes": -0.7279400062671498,
    "Darren Webster": -0.6495251239131472,
    "Daryl Gurney": -0.6435550273462055,
    "Dave Chisnall": -0.5064298846199214,
    "Devon Petersen": -1.1153170056221875,
    "Dimitri Van den Bergh": -0.5534671977401407,
    "Dirk van Duijvenbode": -0.8164982524280826,
    "Gary Anderson": -0.4250290387787081,
    "Gerwyn Price": -0.5889315561229738,
    "Glen Durrant": -0.5626893161224232,
    "Ian White": -0.6505547687400216,
    "James Richardson": -0.6698336518593845,
    "James Wade": -0.8409334005714124,
    "James Wilson": -0.7398856095942076,
    "Jamie Bain": -0.6490834506072071,
    "Jamie Caven": -0.9975310534230419,
    "Jamie Lewis": -0.6234597063465729,
    "Jan Dekker": -0.825408477982987,
    "Jeffrey de Zwaan": -0.7625010896187555,
    "Jelle Klaasen": -0.7331665733319659,
    "Jermaine Wattimena": -0.9250386289082195,
    "Joe Cullen": -0.6513492222194218,
    "Joe Murnan": -0.9317538396953059,
    "John Henderson": -0.6967269059129769,
    "Jonny Clayton": -0.7800979713098342,
    "Justin Pipe": -0.7470300485709119,
    "Keegan Brown": -0.8280037192998074,
    "Kevin Munch": -0.9876080783387882,
    "Kim Huybrechts": -0.6843710135286982,
    "Kim Viljanen": -0.7996532211309966,
    "Krzysztof Ratajski": -0.6678313093634286,
    "Kyle Anderson": -0.5684605312167175,
    "Mark Webster": -0.8866321702451296,
    "Martin Schindler": -0.868612918104383,
    "Max Hopp": -1.0054041581353232,
    "Mensur Suljovic": -0.677241036254907,
    "Mervyn King": -0.7040530948997581,
    "Michael Smith": -0.6236302310680533,
    "Michael van Gerwen": -0.323471756560599,
    "Mike De Decker": -0.7970850307248,
    "Nathan Aspinall": -0.7017888768832609,
    "Paul Lim": -0.7063492222336958,
    "Peter Jacques": -0.8791768805781681,
    "Peter Wright": -0.551847392728084,
    "Phil Taylor": -0.5170830486584682,
    "Raymond van Barneveld": -0.6540696262371977,
    "Rene Eidams": -1.030465819245536,
    "Richard North": -0.8933131042026454,
    "Rob Cross": -0.4707278176595299,
    "Robbie Green": -0.840723199820893,
    "Robert Owen": -0.7310202824238015,
    "Robert Thornton": -0.7291159904496404,
    "Ron Meulenkamp": -0.7344543342010634,
    "Ronny Huybrechts": -0.8546125378947765,
    "Simon Whitlock": -0.7155354461776029,
    "Stephen Bunting": -0.7851950824009787,
    "Steve Beaton": -0.7515924458156287,
    "Steve Lennon": -0.8097072284063591,
    "Steve West": -0.7375566874407546,
    "Toni Alcinas": -0.9247535974545197,
    "Vincent van der Voort": -0.6649401423665499,
    "Willard Bruguier": -1.1343209559120004,
    "William O'Connor": -0.7933728491690425,
    "Zoran Lerchbacher": -0.9291280094945349
  },
  "AIC": 222402.67672943196
}